{
  "Description": "success",
  "Result": {
    "ArtistList": [
      {
        "MemberID": 58511,
        "FirstName": "Aaliyah",
        "LastName": "Aziz",
        "State": "New South Wales",
        "ArtistType": "Actor",
        "BirthDay": "28/02/2002",
        "Age": 13,
        "GenderCode": "FEMA",
        "EmailDesc": "nadaa_22@hotmail.com",
        "AgencyName": "Freelance",
        "AgencyId": 0,
        "IsAvailable": "false",
        "HavePhoto": "true",
        "HaveCompCard": "true",
        "HaveResume": "false",
        "HaveVideo": "false",
        "HaveAudio": "false",
        "IsShortlisted": "false",
        "PhotoFullPath": "03/41/e5/d0/0341e5d0-26ad-4a3a-89e7-64062f2fc66e"
      },
      {
        "MemberID": 3337,
        "FirstName": "Nick",
        "LastName": "Backstrom",
        "State": "Victoria",
        "ArtistType": "Actor",
        "BirthDay": "22/01/1970",
        "Age": 45,
        "GenderCode": "MALE",
        "EmailDesc": "backo70@yahoo.com.au",
        "AgencyName": "Natalie Hall Management QLD",
        "AgencyId": 1019,
        "IsAvailable": "false",
        "HavePhoto": "true",
        "HaveCompCard": "true",
        "HaveResume": "true",
        "HaveVideo": "true",
        "HaveAudio": "false",
        "IsShortlisted": "false",
        "PhotoFullPath": "87/E9/BD/FD/87E9BDFD-B6D4-47F9-B3CA-F5094F9AB5E6"
      },
      {
        "MemberID": 151336,
        "FirstName": "Jacqueline",
        "LastName": "Bennett",
        "State": "New South Wales",
        "ArtistType": "Actor",
        "BirthDay": "14/12/1991",
        "Age": 24,
        "GenderCode": "FEMA",
        "EmailDesc": "jacquibennett@live.com.au",
        "AgencyName": "Sydney Talent Company",
        "AgencyId": 124,
        "IsAvailable": "false",
        "HavePhoto": "true",
        "HaveCompCard": "false",
        "HaveResume": "true",
        "HaveVideo": "false",
        "HaveAudio": "false",
        "IsShortlisted": "false",
        "PhotoFullPath": "77/45/7a/2c/77457a2c-6b1f-4300-bd17-626f4a9e8a33"
      },
      {
        "MemberID": 99906,
        "FirstName": "Talia",
        "LastName": "Bernal",
        "State": "New South Wales",
        "ArtistType": "Actor",
        "BirthDay": "03/07/2008",
        "Age": 7,
        "GenderCode": "FEMA",
        "EmailDesc": "robyn.bernal@yahoo.com",
        "AgencyName": "Freelance",
        "AgencyId": 0,
        "IsAvailable": "false",
        "HavePhoto": "true",
        "HaveCompCard": "true",
        "HaveResume": "false",
        "HaveVideo": "false",
        "HaveAudio": "false",
        "IsShortlisted": "false",
        "PhotoFullPath": "bf/2c/e5/6f/bf2ce56f-11bd-4436-aba1-340993c91b95"
      },
      {
        "MemberID": 787,
        "FirstName": "Colin",
        "LastName": "Borgonon",
        "State": "New South Wales",
        "ArtistType": "Actor",
        "BirthDay": "14/01/1941",
        "Age": 74,
        "GenderCode": "MALE",
        "EmailDesc": "ozcolinb7@gmail.com",
        "AgencyName": "Bedford & Pearce Management",
        "AgencyId": 11,
        "IsAvailable": "false",
        "HavePhoto": "true",
        "HaveCompCard": "false",
        "HaveResume": "true",
        "HaveVideo": "false",
        "HaveAudio": "false",
        "IsShortlisted": "false",
        "PhotoFullPath": "df/f4/fc/a2/dff4fca2-ffc9-45c0-94b5-3113c9411534"
      },
      {
        "MemberID": 132133,
        "FirstName": "Aaliyah",
        "LastName": "Brandsen",
        "State": "Queensland",
        "ArtistType": "Actor",
        "BirthDay": "30/05/2008",
        "Age": 7,
        "GenderCode": "FEMA",
        "EmailDesc": "lauren0105@live.com.au",
        "AgencyName": "Freelance",
        "AgencyId": 0,
        "IsAvailable": "false",
        "HavePhoto": "true",
        "HaveCompCard": "true",
        "HaveResume": "false",
        "HaveVideo": "false",
        "HaveAudio": "false",
        "IsShortlisted": "false",
        "PhotoFullPath": "1d/0e/68/cb/1d0e68cb-33ed-4d28-acd8-3bb401537f99"
      },
      {
        "MemberID": 6198,
        "FirstName": "Nicholas",
        "LastName": "Cooper",
        "State": "Queensland",
        "ArtistType": "Actor",
        "BirthDay": "12/09/1978",
        "Age": 37,
        "GenderCode": "MALE",
        "EmailDesc": "nick@nicholasgcooper.com",
        "AgencyName": "Natalie Hall Management QLD",
        "AgencyId": 1019,
        "IsAvailable": "false",
        "HavePhoto": "true",
        "HaveCompCard": "true",
        "HaveResume": "true",
        "HaveVideo": "false",
        "HaveAudio": "true",
        "IsShortlisted": "false",
        "PhotoFullPath": "81/88/5b/6e/81885b6e-a000-439c-8c89-53948093861b"
      },
      {
        "MemberID": 14061,
        "FirstName": "Travis",
        "LastName": "Cotton",
        "State": "Victoria",
        "ArtistType": "Actor",
        "BirthDay": "18/05/1975",
        "Age": 40,
        "GenderCode": "MALE",
        "EmailDesc": "mavisbutton@hotmail.com",
        "AgencyName": "Lisa Mann Creative Management (LMCM)",
        "AgencyId": 2,
        "IsAvailable": "false",
        "HavePhoto": "true",
        "HaveCompCard": "false",
        "HaveResume": "true",
        "HaveVideo": "false",
        "HaveAudio": "false",
        "IsShortlisted": "false",
        "PhotoFullPath": "30/49/e9/d1/3049e9d1-f02d-42a6-8d28-61b7598f2677"
      },
      {
        "MemberID": 122498,
        "FirstName": "Lisa",
        "LastName": "Divall",
        "State": "New South Wales",
        "ArtistType": "Actor",
        "BirthDay": "12/09/1982",
        "Age": 33,
        "GenderCode": "FEMA",
        "EmailDesc": "lisadivall@gmail.com",
        "AgencyName": "Bedford & Pearce Management",
        "AgencyId": 11,
        "IsAvailable": "false",
        "HavePhoto": "true",
        "HaveCompCard": "false",
        "HaveResume": "true",
        "HaveVideo": "false",
        "HaveAudio": "false",
        "IsShortlisted": "false",
        "PhotoFullPath": "5e/7b/6f/a4/5e7b6fa4-ea92-49a9-9597-823dd71acfbb"
      },
      {
        "MemberID": 50458,
        "FirstName": "Aaliyah",
        "LastName": "Duchesne",
        "State": "New South Wales",
        "ArtistType": "Actor",
        "BirthDay": "14/03/1997",
        "Age": 18,
        "GenderCode": "FEMA",
        "EmailDesc": "info@bambinimodels.com.au",
        "AgencyName": "Freelance",
        "AgencyId": 0,
        "IsAvailable": "false",
        "HavePhoto": "true",
        "HaveCompCard": "true",
        "HaveResume": "false",
        "HaveVideo": "false",
        "HaveAudio": "false",
        "IsShortlisted": "false",
        "PhotoFullPath": "f5/29/af/62/f529af62-7569-4fa7-82bb-90bf44e53cae"
      },
      {
        "MemberID": 24888,
        "FirstName": "Alison",
        "LastName": "Fowler",
        "State": "New South Wales",
        "ArtistType": "Actor",
        "BirthDay": "07/06/1988",
        "Age": 27,
        "GenderCode": "FEMA",
        "EmailDesc": "alison_jane7@hotmail.com",
        "AgencyName": "Sydney Talent Company",
        "AgencyId": 124,
        "IsAvailable": "false",
        "HavePhoto": "true",
        "HaveCompCard": "false",
        "HaveResume": "true",
        "HaveVideo": "false",
        "HaveAudio": "false",
        "IsShortlisted": "false",
        "PhotoFullPath": "29/B3/CA/15/29B3CA15-C5E2-434A-A668-BB9540B86440"
      },
      {
        "MemberID": 73888,
        "FirstName": "Eliza",
        "LastName": "Freshwater",
        "State": "Queensland",
        "ArtistType": "Actor",
        "BirthDay": "03/10/1995",
        "Age": 20,
        "GenderCode": "FEMA",
        "EmailDesc": "seqr@bigpond.net.au",
        "AgencyName": "NHM Queensland",
        "AgencyId": 744,
        "IsAvailable": "false",
        "HavePhoto": "true",
        "HaveCompCard": "true",
        "HaveResume": "false",
        "HaveVideo": "false",
        "HaveAudio": "false",
        "IsShortlisted": "false",
        "PhotoFullPath": "59/89/09/22/59890922-ace9-492c-9ac5-cd5ce0798306"
      },
      {
        "MemberID": 65268,
        "FirstName": "Melissa",
        "LastName": "Grob",
        "State": "New South Wales",
        "ArtistType": "Actor",
        "BirthDay": "17/09/1975",
        "Age": 40,
        "GenderCode": "FEMA",
        "EmailDesc": "melgrobuk@hotmail.com",
        "AgencyName": "Sophie Jermyn Management",
        "AgencyId": 375,
        "IsAvailable": "false",
        "HavePhoto": "true",
        "HaveCompCard": "false",
        "HaveResume": "true",
        "HaveVideo": "false",
        "HaveAudio": "false",
        "IsShortlisted": "false",
        "PhotoFullPath": "f2/62/ca/79/f262ca79-1ff6-47b1-a569-b4943580d7ea"
      },
      {
        "MemberID": 122093,
        "FirstName": "Matthew",
        "LastName": "Hadgraft",
        "State": "Victoria",
        "ArtistType": "Actor",
        "BirthDay": "24/10/1979",
        "Age": 36,
        "GenderCode": "MALE",
        "EmailDesc": "tvmatt@bigpond.net.au",
        "AgencyName": "Natalie Hall Management QLD",
        "AgencyId": 1019,
        "IsAvailable": "false",
        "HavePhoto": "true",
        "HaveCompCard": "true",
        "HaveResume": "true",
        "HaveVideo": "false",
        "HaveAudio": "true",
        "IsShortlisted": "false",
        "PhotoFullPath": "d9/11/79/09/d9117909-6243-4717-bc8c-10d3913728b4"
      },
      {
        "MemberID": 139752,
        "FirstName": "Jamie",
        "LastName": "Joseph",
        "State": "Queensland",
        "ArtistType": "Actor",
        "BirthDay": "13/03/1970",
        "Age": 45,
        "GenderCode": "MALE",
        "EmailDesc": "jamiejoseph2011@hotmail.com",
        "AgencyName": "Ignite Elite Artists",
        "AgencyId": 915,
        "IsAvailable": "false",
        "HavePhoto": "true",
        "HaveCompCard": "true",
        "HaveResume": "true",
        "HaveVideo": "true",
        "HaveAudio": "false",
        "IsShortlisted": "false",
        "PhotoFullPath": "14/51/89/ad/145189ad-d8c7-43f4-9bc6-495a7956477b"
      },
      {
        "MemberID": 102450,
        "FirstName": "Monique",
        "LastName": "Kalmar",
        "State": "New South Wales",
        "ArtistType": "Actor",
        "BirthDay": "17/04/1973",
        "Age": 42,
        "GenderCode": "FEMA",
        "EmailDesc": "moniquebk@gmail.com",
        "AgencyName": "Ignite Elite Artists",
        "AgencyId": 915,
        "IsAvailable": "false",
        "HavePhoto": "true",
        "HaveCompCard": "true",
        "HaveResume": "true",
        "HaveVideo": "true",
        "HaveAudio": "false",
        "IsShortlisted": "false",
        "PhotoFullPath": "ef/98/f4/cb/ef98f4cb-0655-4c24-832b-dcdf1624b51d"
      },
      {
        "MemberID": 90356,
        "FirstName": "Allen",
        "LastName": "Laverty",
        "State": "Queensland",
        "ArtistType": "Actor",
        "BirthDay": "04/11/1968",
        "Age": 47,
        "GenderCode": "MALE",
        "EmailDesc": "allenlaverty@hotmail.com",
        "AgencyName": "Natalie Hall Management QLD",
        "AgencyId": 1019,
        "IsAvailable": "false",
        "HavePhoto": "true",
        "HaveCompCard": "true",
        "HaveResume": "true",
        "HaveVideo": "true",
        "HaveAudio": "false",
        "IsShortlisted": "false",
        "PhotoFullPath": "60/39/91/a5/603991a5-1ce1-437a-b268-aaee03daa63f"
      },
      {
        "MemberID": 161518,
        "FirstName": "li",
        "LastName": "li",
        "State": "Australian Capital",
        "ArtistType": "Actor",
        "BirthDay": "10/11/1982",
        "Age": 33,
        "GenderCode": "MALE",
        "EmailDesc": "bayistuta_269@gmail.com",
        "AgencyName": "Freelance",
        "AgencyId": 0,
        "IsAvailable": "false",
        "HavePhoto": "true",
        "HaveCompCard": "true",
        "HaveResume": "true",
        "HaveVideo": "true",
        "HaveAudio": "true",
        "IsShortlisted": "false",
        "PhotoFullPath": "99/D5/A9/B2/99D5A9B2-040F-41A3-ACC4-D7CB1F0EE42A"
      },
      {
        "MemberID": 160466,
        "FirstName": "test",
        "LastName": "Li",
        "State": "Auckland",
        "ArtistType": "Actor",
        "BirthDay": "01/01/2014",
        "Age": 1,
        "GenderCode": "MALE",
        "EmailDesc": "bayistuta2@gmail.com",
        "AgencyName": "Freelance",
        "AgencyId": 0,
        "IsAvailable": "false",
        "HavePhoto": "true",
        "HaveCompCard": "false",
        "HaveResume": "false",
        "HaveVideo": "false",
        "HaveAudio": "false",
        "IsShortlisted": "false",
        "PhotoFullPath": "b2/7e/d1/ea/b27ed1ea-1f31-4b9a-9c58-578ec376b43d"
      },
      {
        "MemberID": 8509,
        "FirstName": "James",
        "LastName": "Liotta",
        "State": "Victoria",
        "ArtistType": "Actor",
        "BirthDay": "10/12/1982",
        "Age": 33,
        "GenderCode": "MALE",
        "EmailDesc": "jliotta@telstra.com",
        "AgencyName": "Select Actors Management",
        "AgencyId": 202,
        "IsAvailable": "false",
        "HavePhoto": "true",
        "HaveCompCard": "false",
        "HaveResume": "true",
        "HaveVideo": "true",
        "HaveAudio": "true",
        "IsShortlisted": "false",
        "PhotoFullPath": "2d/1a/de/d3/2d1aded3-24eb-4a49-b84c-6979517fa7df"
      },
      {
        "MemberID": 115,
        "FirstName": "Eliza",
        "LastName": "Logan",
        "State": "New South Wales",
        "ArtistType": "Actor",
        "BirthDay": "13/09/1970",
        "Age": 45,
        "GenderCode": "FEMA",
        "EmailDesc": "elizahlogan@gmail.com",
        "AgencyName": "Lisa Mann Creative Management (LMCM)",
        "AgencyId": 2,
        "IsAvailable": "false",
        "HavePhoto": "true",
        "HaveCompCard": "false",
        "HaveResume": "true",
        "HaveVideo": "false",
        "HaveAudio": "true",
        "IsShortlisted": "false",
        "PhotoFullPath": "53/a0/53/33/53a05333-ebb1-41e9-a1ec-3548937d0afb"
      },
      {
        "MemberID": 148648,
        "FirstName": "Alistair",
        "LastName": "Magee",
        "State": "New South Wales",
        "ArtistType": "Actor",
        "BirthDay": "01/01/1990",
        "Age": 25,
        "GenderCode": "MALE",
        "EmailDesc": "alistair.magee@gmail.com",
        "AgencyName": "Sydney Talent Company",
        "AgencyId": 124,
        "IsAvailable": "false",
        "HavePhoto": "true",
        "HaveCompCard": "false",
        "HaveResume": "false",
        "HaveVideo": "false",
        "HaveAudio": "false",
        "IsShortlisted": "false",
        "PhotoFullPath": "97/1d/90/c6/971d90c6-c608-4d95-9a7d-ba435b2065a3"
      },
      {
        "MemberID": 151388,
        "FirstName": "Aaron",
        "LastName": "Munnery",
        "State": "Victoria",
        "ArtistType": "Actor",
        "BirthDay": "30/12/1994",
        "Age": 20,
        "GenderCode": "MALE",
        "EmailDesc": "aaronjamesmunnery@hotmail.com",
        "AgencyName": "Ignite Elite Artists",
        "AgencyId": 915,
        "IsAvailable": "false",
        "HavePhoto": "true",
        "HaveCompCard": "true",
        "HaveResume": "true",
        "HaveVideo": "false",
        "HaveAudio": "false",
        "IsShortlisted": "false",
        "PhotoFullPath": "f8/18/9c/d2/f8189cd2-b2d4-4b7b-b99e-2dccd623b4eb"
      },
      {
        "MemberID": 125507,
        "FirstName": "Ali",
        "LastName": "Mutch",
        "State": "New South Wales",
        "ArtistType": "Actor",
        "BirthDay": "07/09/1976",
        "Age": 39,
        "GenderCode": "FEMA",
        "EmailDesc": "alispintv@hotmail.com",
        "AgencyName": "division one1 artist management",
        "AgencyId": 1018,
        "IsAvailable": "false",
        "HavePhoto": "true",
        "HaveCompCard": "true",
        "HaveResume": "true",
        "HaveVideo": "true",
        "HaveAudio": "false",
        "IsShortlisted": "false",
        "PhotoFullPath": "7d/5c/00/fc/7d5c00fc-4848-41b6-a1ba-56876e253316"
      },
      {
        "MemberID": 73574,
        "FirstName": "Riley",
        "LastName": "Nottingham",
        "State": "Queensland",
        "ArtistType": "Actor",
        "BirthDay": "30/08/1991",
        "Age": 24,
        "GenderCode": "MALE",
        "EmailDesc": "rjnottingham@gmail.com",
        "AgencyName": "Natalie Hall Management QLD",
        "AgencyId": 1019,
        "IsAvailable": "false",
        "HavePhoto": "true",
        "HaveCompCard": "true",
        "HaveResume": "true",
        "HaveVideo": "true",
        "HaveAudio": "false",
        "IsShortlisted": "false",
        "PhotoFullPath": "fe/73/29/f4/fe7329f4-cba4-48ed-a98d-f7ac0a0ee460"
      },
      {
        "MemberID": 63836,
        "FirstName": "Damien",
        "LastName": "Noyce",
        "State": "New South Wales",
        "ArtistType": "Actor",
        "BirthDay": "12/10/1983",
        "Age": 32,
        "GenderCode": "MALE",
        "EmailDesc": "damiennoyce@hotmail.com",
        "AgencyName": "Ignite Elite Artists",
        "AgencyId": 915,
        "IsAvailable": "false",
        "HavePhoto": "true",
        "HaveCompCard": "true",
        "HaveResume": "true",
        "HaveVideo": "true",
        "HaveAudio": "false",
        "IsShortlisted": "false",
        "PhotoFullPath": "0f/e0/30/8e/0fe0308e-a6ca-43a5-a7c1-6721950e53ad"
      },
      {
        "MemberID": 160,
        "FirstName": "Geoff",
        "LastName": "Paine",
        "State": "Victoria",
        "ArtistType": "Actor",
        "BirthDay": "20/06/1964",
        "Age": 51,
        "GenderCode": "MALE",
        "EmailDesc": "geepaine@optusnet.com.au",
        "AgencyName": "Lisa Mann Creative Management (LMCM)",
        "AgencyId": 2,
        "IsAvailable": "false",
        "HavePhoto": "true",
        "HaveCompCard": "false",
        "HaveResume": "true",
        "HaveVideo": "true",
        "HaveAudio": "false",
        "IsShortlisted": "false",
        "PhotoFullPath": "9b/3f/50/40/9b3f5040-9611-406d-a39c-2491321fcf9b"
      },
      {
        "MemberID": 113845,
        "FirstName": "Benjamin",
        "LastName": "Phillips",
        "State": "Queensland",
        "ArtistType": "Actor",
        "BirthDay": "07/04/1995",
        "Age": 20,
        "GenderCode": "MALE",
        "EmailDesc": "debbie@philbro.com.au",
        "AgencyName": "NHM Queensland",
        "AgencyId": 744,
        "IsAvailable": "false",
        "HavePhoto": "true",
        "HaveCompCard": "true",
        "HaveResume": "true",
        "HaveVideo": "false",
        "HaveAudio": "false",
        "IsShortlisted": "false",
        "PhotoFullPath": "4c/01/20/6f/4c01206f-6e4e-453f-9ea7-92be44666138"
      },
      {
        "MemberID": 77795,
        "FirstName": "Alexandra",
        "LastName": "Plim",
        "State": "New South Wales",
        "ArtistType": "Actor",
        "BirthDay": "11/02/1983",
        "Age": 32,
        "GenderCode": "FEMA",
        "EmailDesc": "alexandraplim@gmail.com",
        "AgencyName": "Elvis Joseph Management",
        "AgencyId": 21,
        "IsAvailable": "false",
        "HavePhoto": "true",
        "HaveCompCard": "true",
        "HaveResume": "true",
        "HaveVideo": "false",
        "HaveAudio": "false",
        "IsShortlisted": "false",
        "PhotoFullPath": "ce/bd/7b/b6/cebd7bb6-6ea6-4663-8b3c-3e8ed596837a"
      },
      {
        "MemberID": 113847,
        "FirstName": "Anjali",
        "LastName": "Raj",
        "State": "Queensland",
        "ArtistType": "TVC 100%",
        "BirthDay": "25/06/1991",
        "Age": 24,
        "GenderCode": "FEMA",
        "EmailDesc": "anjalijraj@gmail.com",
        "AgencyName": "NHM Queensland",
        "AgencyId": 744,
        "IsAvailable": "false",
        "HavePhoto": "true",
        "HaveCompCard": "true",
        "HaveResume": "true",
        "HaveVideo": "false",
        "HaveAudio": "true",
        "IsShortlisted": "false",
        "PhotoFullPath": "72/ba/ca/b4/72bacab4-7acb-4135-bd0a-14cf0acb0910"
      },
      {
        "MemberID": 93738,
        "FirstName": "Marty",
        "LastName": "Rhone",
        "State": "Victoria",
        "ArtistType": "Actor",
        "BirthDay": "07/05/1948",
        "Age": 67,
        "GenderCode": "MALE",
        "EmailDesc": "mrhone1@bigpond.com",
        "AgencyName": "Ignite Elite Artists",
        "AgencyId": 915,
        "IsAvailable": "false",
        "HavePhoto": "true",
        "HaveCompCard": "true",
        "HaveResume": "true",
        "HaveVideo": "true",
        "HaveAudio": "false",
        "IsShortlisted": "false",
        "PhotoFullPath": "dd/17/d8/82/dd17d882-5fb8-4af8-981d-784449ec939c"
      },
      {
        "MemberID": 98160,
        "FirstName": "Alastair",
        "LastName": "Tomkins",
        "State": "Queensland",
        "ArtistType": "Actor",
        "BirthDay": "19/05/1970",
        "Age": 45,
        "GenderCode": "MALE",
        "EmailDesc": "info@alastairtomkins.com",
        "AgencyName": "Natalie Hall Management QLD",
        "AgencyId": 1019,
        "IsAvailable": "false",
        "HavePhoto": "true",
        "HaveCompCard": "true",
        "HaveResume": "true",
        "HaveVideo": "false",
        "HaveAudio": "false",
        "IsShortlisted": "false",
        "PhotoFullPath": "e5/a6/c1/08/e5a6c108-feea-4b99-8ac1-7983c75b9d98"
      },
      {
        "MemberID": 92237,
        "FirstName": "Alex",
        "LastName": "Valentine",
        "State": "Victoria",
        "ArtistType": "Actor",
        "BirthDay": "26/03/1991",
        "Age": 24,
        "GenderCode": "FEMA",
        "EmailDesc": "alexvalentine@live.com.au",
        "AgencyName": "Natalie Hall Management QLD",
        "AgencyId": 1019,
        "IsAvailable": "false",
        "HavePhoto": "true",
        "HaveCompCard": "true",
        "HaveResume": "true",
        "HaveVideo": "false",
        "HaveAudio": "false",
        "IsShortlisted": "false",
        "PhotoFullPath": "10/46/af/1d/1046af1d-b5f9-4659-a26e-dfa9514804a2"
      },
      {
        "MemberID": 153281,
        "FirstName": "Luke",
        "LastName": "Watling",
        "State": "New South Wales",
        "ArtistType": "Extra",
        "BirthDay": "29/10/1961",
        "Age": 54,
        "GenderCode": "MALE",
        "EmailDesc": "film2000@hotmail.co.uk",
        "AgencyName": "MCTV Agency Group",
        "AgencyId": 419,
        "IsAvailable": "false",
        "HavePhoto": "true",
        "HaveCompCard": "true",
        "HaveResume": "false",
        "HaveVideo": "false",
        "HaveAudio": "false",
        "IsShortlisted": "false",
        "PhotoFullPath": "2a/c9/86/83/2ac98683-f728-4eb5-aed9-bd1e971a1983"
      },
      {
        "MemberID": 692,
        "FirstName": "Vanessa",
        "LastName": "Williams",
        "State": "New South Wales",
        "ArtistType": "Actor",
        "BirthDay": "24/10/1966",
        "Age": 49,
        "GenderCode": "FEMA",
        "EmailDesc": "vanessa@liveforlife.com.au",
        "AgencyName": "Bedford & Pearce Management",
        "AgencyId": 11,
        "IsAvailable": "false",
        "HavePhoto": "true",
        "HaveCompCard": "false",
        "HaveResume": "true",
        "HaveVideo": "false",
        "HaveAudio": "false",
        "IsShortlisted": "false",
        "PhotoFullPath": "3a/1d/6d/cd/3a1d6dcd-5ba2-4f35-921d-a0727a01f088"
      },
      {
        "MemberID": 154002,
        "FirstName": "Adam",
        "LastName": "Willits",
        "State": "New South Wales",
        "ArtistType": "Actor",
        "BirthDay": "18/02/1972",
        "Age": 43,
        "GenderCode": "MALE",
        "EmailDesc": "adam.willits@gmail.com",
        "AgencyName": "Ignite Elite Artists",
        "AgencyId": 915,
        "IsAvailable": "false",
        "HavePhoto": "true",
        "HaveCompCard": "true",
        "HaveResume": "false",
        "HaveVideo": "false",
        "HaveAudio": "false",
        "IsShortlisted": "false",
        "PhotoFullPath": "9b/99/30/0b/9b99300b-b8c3-441a-850a-421f3f0e1dbd"
      },
      {
        "MemberID": 73623,
        "FirstName": "Julian",
        "LastName": "Wren",
        "State": "Queensland",
        "ArtistType": "Actor",
        "BirthDay": "31/08/1971",
        "Age": 44,
        "GenderCode": "MALE",
        "EmailDesc": "julianwren@gmail.com",
        "AgencyName": "NHM Queensland",
        "AgencyId": 744,
        "IsAvailable": "false",
        "HavePhoto": "true",
        "HaveCompCard": "true",
        "HaveResume": "true",
        "HaveVideo": "false",
        "HaveAudio": "false",
        "IsShortlisted": "false",
        "PhotoFullPath": "57/B5/12/4A/57B5124A-409F-4FEB-A940-50CB954D7092"
      },
      {
        "MemberID": 162524,
        "FirstName": "li",
        "LastName": "yang",
        "State": "Auckland",
        "ArtistType": "Actor",
        "BirthDay": "01/01/1978",
        "Age": 37,
        "GenderCode": "MALE",
        "EmailDesc": "fanwen@gmail.com",
        "AgencyName": "AT2 CASTING VIC (TEST AGENCY ONLY)",
        "AgencyId": 788,
        "IsAvailable": "false",
        "HavePhoto": "true",
        "HaveCompCard": "false",
        "HaveResume": "false",
        "HaveVideo": "false",
        "HaveAudio": "false",
        "IsShortlisted": "false",
        "PhotoFullPath": "97/7c/c5/a2/977cc5a2-bb81-42c1-83bf-20d3c943e553"
      },
      {
        "MemberID": 153312,
        "FirstName": "li",
        "LastName": "yang",
        "State": "Australian Capital",
        "ArtistType": "Actor",
        "BirthDay": "01/01/1982",
        "Age": 33,
        "GenderCode": "FEMA",
        "EmailDesc": "bayistuta2@gmail.com",
        "AgencyName": "AT2 CASTING VIC (TEST AGENCY ONLY)",
        "AgencyId": 788,
        "IsAvailable": "false",
        "HavePhoto": "true",
        "HaveCompCard": "true",
        "HaveResume": "false",
        "HaveVideo": "false",
        "HaveAudio": "false",
        "IsShortlisted": "false",
        "PhotoFullPath": "63C4410F-0ADE-4D5D-B4C9-A6F169CA544C"
      },
      {
        "MemberID": 153221,
        "FirstName": "li",
        "LastName": "yang",
        "State": "Australian Capital",
        "ArtistType": "Actor",
        "BirthDay": "01/01/2013",
        "Age": 2,
        "GenderCode": "MALE",
        "EmailDesc": "bayistuta2@gmail.com",
        "AgencyName": "AT2 CASTING QLD (TEST AGENCY ONLY)",
        "AgencyId": 447,
        "IsAvailable": "false",
        "HavePhoto": "true",
        "HaveCompCard": "true",
        "HaveResume": "false",
        "HaveVideo": "false",
        "HaveAudio": "false",
        "IsShortlisted": "false",
        "PhotoFullPath": "12C44998-7DDD-42E8-AE25-F633706A9AC0"
      },
      {
        "MemberID": 175401,
        "FirstName": "li",
        "LastName": "yang",
        "State": "California",
        "ArtistType": "Actor",
        "BirthDay": "01/04/2001",
        "Age": 14,
        "GenderCode": "MALE",
        "EmailDesc": "li@at2.com.au",
        "AgencyName": "AT2 CASTING(US only2)",
        "AgencyId": 7136,
        "IsAvailable": "false",
        "HavePhoto": "true",
        "HaveCompCard": "false",
        "HaveResume": "false",
        "HaveVideo": "false",
        "HaveAudio": "false",
        "IsShortlisted": "false",
        "PhotoFullPath": "a3/9b/95/3d/a39b953d-dce6-4a8c-97d1-eb34cae14f4c"
      },
      {
        "MemberID": 175403,
        "FirstName": "li",
        "LastName": "yang",
        "State": "Auckland",
        "ArtistType": "Actor",
        "BirthDay": "01/01/2014",
        "Age": 1,
        "GenderCode": "MALE",
        "EmailDesc": "bayistuta2@gmail.com",
        "AgencyName": "Freelance",
        "AgencyId": 0,
        "IsAvailable": "false",
        "HavePhoto": "true",
        "HaveCompCard": "true",
        "HaveResume": "false",
        "HaveVideo": "false",
        "HaveAudio": "false",
        "IsShortlisted": "false",
        "PhotoFullPath": "ed/94/8c/4a/ed948c4a-f6e9-42ff-8391-21ce8c4b0716"
      },
      {
        "MemberID": 175097,
        "FirstName": "hu",
        "LastName": "yanglin",
        "State": "Alabama",
        "ArtistType": "Actor",
        "BirthDay": "01/11/2015",
        "Age": 0,
        "GenderCode": "MALE",
        "EmailDesc": "huliaolin@163.com",
        "AgencyName": "AT2 CASTING(US only -test)",
        "AgencyId": 7129,
        "IsAvailable": "false",
        "HavePhoto": "true",
        "HaveCompCard": "true",
        "HaveResume": "false",
        "HaveVideo": "false",
        "HaveAudio": "false",
        "IsShortlisted": "false",
        "PhotoFullPath": "5c/53/4b/e7/5c534be7-afd0-4993-896a-b5c500290ccd"
      },
      {
        "MemberID": 153208,
        "FirstName": "li",
        "LastName": "yangyang",
        "State": "Utah",
        "ArtistType": "Actor",
        "BirthDay": "01/04/1982",
        "Age": 33,
        "GenderCode": "FEMA",
        "EmailDesc": "li@at2.com.au",
        "AgencyName": "AT2 CASTING(US only -test)",
        "AgencyId": 7129,
        "IsAvailable": "false",
        "HavePhoto": "true",
        "HaveCompCard": "true",
        "HaveResume": "true",
        "HaveVideo": "false",
        "HaveAudio": "false",
        "IsShortlisted": "false",
        "PhotoFullPath": "15/dc/2e/0a/15dc2e0a-530c-458f-bf9f-27cd533cf97b"
      }
    ],
    "ItemsPerPage": -1,
    "Count": 44,
    "ShortlistedNum": 0,
    "PhotoPath": "http://app.at2casting.com/au/upload/photo"
  }
}